tag,candidates?,tags_same_stem,word2vec_similar_tags,tag_stem,one_edit_away,numApps,numDownvotes,score
7,#N/A,,bond;spy;,7,,254,72,182
9/11,#N/A,,,9/11,,65,28,37
007 (series),#N/A,,,007 (series),,84,68,16
18th century,#N/A,,,18th centuri,19th century;,186,41,145
1920s,#N/A,,1930s;1960s;,1920,1930s;1950s;1960s;1970s;1980s;,222,44,178
1930s,#N/A,,1950s;1970s;1920s;,1930,1920s;1950s;1960s;1970s;1980s;,308,77,231
1950s,#N/A,,1960s;1970s;1980s;1930s;,1950,1920s;1930s;1960s;1970s;1980s;,302,85,217
1960s,#N/A,,1950s;1970s;1980s;,1960,1920s;1930s;1950s;1970s;1980s;,479,101,378
1970s,#N/A,,1960s;1950s;1980s;,1970,1920s;1930s;1950s;1960s;1980s;,539,117,422
1980s,#N/A,,80s;1970s;1950s;1960s;,6/2,1920s;1930s;1950s;1960s;1970s;,648,191,457
19th century,#N/A,,,19th centuri,18th century;,468,101,367
3d,#N/A,,cgi;,3d,,249,30,219
70mm,#N/A,,,70mm,,525,998,-473
80s,#N/A,,1980s;1970s;,80,,194,108,86
aardman,#N/A,,pixar;dreamworks;claymation;disney;,aardman,,16,4,12
aardman studios,#N/A,,,aardman studio,,,,
abortion,#N/A,,adoption;slavery;adultery;religion;,abort,,121,35,86
absurd,#N/A,,ridiculous;unrealistic;,absurd,,495,92,403
action,#N/A,,suspense;suspenseful;slapstick;drama;tense;,action,,6006,1519,4487
action packed,#N/A,,,action pack,,232,105,127
adaptation,#N/A,,remake;,adapt,,91,88,3
adapted from:book,#N/A,,,adapted from:book,,1220,1075,145
adapted from:comic,#N/A,,,adapted from:com,,339,184,155
adapted from:game,#N/A,,,adapted from:gam,,51,54,-3
addiction,#N/A,,alcoholism;,addict,,372,88,284
adolescence,#N/A,,childhood;teenager;,adolesc,,215,45,170
adoption,#N/A,,abortion;marriage;divorce;,adopt,,162,38,124
adultery,#N/A,,infidelity;incest;betrayal;rape;,adulteri,,669,237,432
adventure,#N/A,,epic;romance;scifi;,adventur,,2789,668,2121
affectionate,#N/A,,compassionate;,affection,,86,65,21
afi 100,#N/A,,,afi 100,,,,
afi 100 (laughs),#N/A,,,afi 100 (laughs),,,,
afi 100 (movie quotes),#N/A,,,afi 100 (movie quotes),,,,
africa,#N/A,,india;italy;,africa,,166,12,154
afterlife,#N/A,,psychiatry;,afterlif,,188,26,162
aging,#N/A,,,age,,141,44,97
aids,#N/A,,,aid,kids;,38,1,37
airplane,#N/A,,,airplan,,249,36,213
airport,#N/A,,hotel;airplane;,airport,,145,30,115
alaska,#N/A,,california;,alaska,,31,3,28
alcatraz,#N/A,,prison;,alcatraz,,8,0,8
alcoholism,#N/A,,addiction;racism;schizophrenia;depression;,alcohol,,316,74,242
alien invasion,#N/A,,,alien invas,,429,65,364
aliens,1,alien;,,alien,alien;,2756,446,2310
allegory,#N/A,,,allegori,,63,28,35
almodovar,#N/A,,,almodovar,,,,
alone in the world,#N/A,,,alone in the world,,110,15,95
alter ego,#N/A,,,alter ego,,209,84,125
alternate endings,#N/A,,,alternate end,,113,16,97
alternate history,#N/A,,,alternate histori,,151,9,142
alternate reality,#N/A,,,alternate r,,1633,164,1469
alternate universe,#N/A,,,alternate univers,,125,67,58
amazing cinematography,#N/A,,,amazing cinematographi,,12,6,6
amazing photography,#N/A,,,amazing photographi,,147,32,115
american civil war,#N/A,,,american civil war,,28,0,28
amnesia,#N/A,,,amnesia,,382,58,324
amy smart,#N/A,,,amy smart,,10,2,8
android(s)/cyborg(s),#N/A,,,android(s)/cyborg(s),,100,47,53
androids,#N/A,,robots;cyborgs;robot;,android,,277,65,212
animal movie,#N/A,,,animal movi,,9,8,1
animals,#N/A,animated;animation;anime;,dinosaurs;,anim,,314,98,216
animated,1,animals;animation;anime;,,anim,,335,156,179
animation,1,animals;animated;anime;,visuals;cinematography;cgi;anime;pixar;,anim,,2659,687,1972
anime,1,animals;animated;animation;,animation;cartoon;,anim,,1719,297,1422
antarctica,#N/A,,,antarctica,,28,4,24
anti-hero,#N/A,,,anti-hero,,405,83,322
anti-semitism,#N/A,,,anti-semit,,7,6,1
anti-war,#N/A,,,anti-war,,300,68,232
apocalypse,#N/A,,holocaust;,apocalyps,,673,90,583
archaeology,#N/A,,,archaeolog,,223,40,183
argentina,#N/A,,spain;,argentina,,102,5,97
arms dealer,#N/A,,,arms deal,,84,11,73
arnold,#N/A,,,arnold,,261,54,207
art,#N/A,,artist;artistic;artsy;,art,,281,55,226
art house,#N/A,,,art hous,,81,24,57
artificial intelligence,#N/A,,,artificial intellig,,1699,84,1615
artist,#N/A,artistic;,art;,artist,,194,32,162
artistic,#N/A,artist;,intellectual;,artist,,360,69,291
artsy,#N/A,,pretentious;indie;artistic;intellectual;art;,artsi,,91,21,70
assassin,1,assassination;assassins;,assassins;hitman;,assassin,assassins;,939,196,743
assassination,1,assassin;assassins;,conspiracy;suicide;murder;,assassin,,299,75,224
astronauts,#N/A,,nasa;,astronaut,,80,15,65
atheism,#N/A,,religion;christianity;judaism;,atheism,,115,31,84
atmospheric,#N/A,,eerie;moody;stylish;suspenseful;creepy;gothic;,atmospher,,6127,763,5364
australia,#N/A,,australian;canada;,australia,australian;,169,11,158
australian,#N/A,,australia;british;french;,australian,australia;,76,16,60
author:alan moore,#N/A,,,author:alan moor,,,,
author:neil gaiman,#N/A,,,author:neil gaiman,,,,
autism,#N/A,,disability;schizophrenia;,autism,,206,26,180
aviation,#N/A,,,aviat,,272,87,185
awesome,#N/A,,excellent;great;,awesom,,155,222,-67
awesome soundtrack,#N/A,,,awesome soundtrack,,94,45,49
awful,#N/A,,horrible;lame;,aw,,51,105,-54
bad,#N/A,,good;horrible;awful;lame;,bad,sad;,53,82,-29
bad acting,#N/A,,,bad act,,800,409,391
bad cgi,#N/A,,,bad cgi,,73,30,43
bad ending,#N/A,,,bad end,,290,180,110
bad plot,#N/A,,,bad plot,,337,161,176
bad science,#N/A,,,bad scienc,,541,158,383
bad script,#N/A,,,bad script,,225,120,105
bad sequel,#N/A,,,bad sequel,,87,52,35
ballet,#N/A,,dance;,ballet,,197,27,170
bank robbery,#N/A,,,bank robberi,,287,39,248
baseball,#N/A,,football;basketball;soccer;,basebal,,315,98,217
based on a book,#N/A,,,based on a book,,5114,2144,2970
based on a comic,#N/A,,,based on a com,,428,124,304
based on a play,#N/A,,,based on a play,,417,274,143
based on a true story,#N/A,,,based on a true stori,,2139,375,1764
based on a tv show,#N/A,,,based on a tv show,,33,9,24
based on a video game,#N/A,,,based on a video gam,,66,33,33
based on book,#N/A,,,based on book,,323,306,17
based on comic,#N/A,,,based on com,,307,43,264
based on true story,#N/A,,,based on true stori,,120,32,88
basketball,#N/A,,football;baseball;soccer;,basketbal,,176,58,118
batman,#N/A,,superhero;,batman,,112,29,83
bdsm,#N/A,,lesbian;gay;homosexuality;sexual;,bdsm,,93,6,87
beatles,#N/A,,jazz;,beatl,,21,4,17
beautiful,#N/A,,breathtaking;,beauti,,1264,241,1023
beautiful scenery,#N/A,,,beautiful sceneri,,449,49,400
beautifully filmed,#N/A,,,beautifully film,,527,53,474
beauty pageant,#N/A,,,beauty pag,,49,13,36
beer,#N/A,,,beer,,85,20,65
berlin,#N/A,,germany;london;vienna;,berlin,,75,4,71
best of 2005,#N/A,,,best of 2005,,5,17,-12
best war films,#N/A,,,best war film,,15,8,7
betrayal,#N/A,,greed;infidelity;,betray,,248,71,177
better than expected,#N/A,,,better than expect,,152,158,-6
better than the american version,#N/A,,,better than the american vers,,39,25,14
biblical,#N/A,,historical;jesus;,biblic,,85,23,62
big budget,#N/A,,,big budget,,298,131,167
biographical,#N/A,,biography;biopic;documentary;historical;,biograph,,205,94,111
biography,#N/A,,biographical;biopic;documentary;,biographi,,1408,212,1196
biopic,#N/A,,biography;biographical;documentary;adaptation;,biopic,,268,149,119
birds,#N/A,,,bird,,85,32,53
biting,#N/A,,,bite,,101,113,-12
bittersweet,#N/A,,poignant;melancholy;heartwarming;wistful;melancholic;,bittersweet,,2010,281,1729
bizarre,#N/A,,strange;surreal;weird;absurd;,bizarr,,143,44,99
black and white,#N/A,,,black and whit,,1287,344,943
black comedy,#N/A,,,black comedi,,2132,300,1832
blaxploitation,#N/A,,noir;grindhouse;,blaxploit,,184,41,143
bleak,#N/A,,grim;downbeat;,bleak,,398,195,203
blindness,#N/A,,insanity;,blind,,192,70,122
blood,1,,gore;,blood,bloody;,489,73,416
bloody,1,,gory;brutal;gruesome;violent;,bloodi,blood;,182,58,124
boarding school,#N/A,,,boarding school,,195,39,156
boat,#N/A,,,boat,,130,22,108
bollywood,#N/A,,hollywood;india;,bollywood,hollywood;,304,53,251
bombs,#N/A,,,bomb,,25,27,-2
bond,#N/A,,007;,bond,,57,40,17
book,1,books;,comics;,book,books;,127,129,-2
book was better,#N/A,,,book was bett,,87,91,-4
boring,1,boring!;,,bore,boring!;boxing;,1762,1812,-50
boston,#N/A,,chicago;london;,boston,,63,7,56
bowling,#N/A,,,bowl,,71,14,57
boxing,#N/A,,,box,boring;,445,92,353
brainwashing,#N/A,,,brainwash,,109,26,83
brazil,#N/A,,,brazil,,145,8,137
breathtaking,#N/A,,beautiful;,breathtak,,40,18,22
brilliant,#N/A,,excellent;,brilliant,,70,100,-30
british,#N/A,,australian;german;japanese;,british,,500,68,432
british comedy,#N/A,,,british comedi,,473,55,418
broadway,#N/A,,,broadway,,84,17,67
brothers,#N/A,,,brother,,196,77,119
brutal,1,brutality;,violent;gruesome;brutality;bloody;,brutal,,414,92,322
brutality,1,brutal;,violence;brutal;corruption;,brutal,,288,58,230
buddy movie,#N/A,,,buddy movi,,160,39,121
bullshit history,#N/A,,,bullshit histori,,28,24,4
bullying,#N/A,,,bulli,,285,52,233
business,#N/A,,,busi,,435,173,262
c.s. lewis,#N/A,,,c.s. lewi,,,,
california,#N/A,,texas;mexico;,california,,151,6,145
camp,1,,campy;,camp,campy;,146,55,91
campy,1,,cheesy;silly;corny;,campi,camp;,600,199,401
canada,#N/A,,australia;,canada,,86,9,77
cancer,#N/A,,,cancer,,243,42,201
cannibalism,#N/A,,incest;rape;,cannib,,441,96,345
caper,#N/A,,heist;robbery;thriller;farce;,caper,,108,35,73
capitalism,#N/A,,communism;greed;,capit,,141,48,93
car chase,#N/A,,,car chas,,545,120,425
carrie-anne moss,#N/A,,,carrie-anne moss,,,,
cars,#N/A,,,car,mars;,464,141,323
cartoon,#N/A,,comics;anime;,cartoon,,194,80,114
casino,#N/A,,hotel;,casino,,176,24,152
catastrophe,#N/A,,disaster;tragedy;,catastroph,,118,24,94
cathartic,#N/A,,bittersweet;,cathart,,52,53,-1
catholicism,#N/A,,religion;christianity;judaism;,catholic,,30,0,30
censorship,#N/A,,racism;,censorship,,95,16,79
cerebral,#N/A,,intellectual;philosophical;visceral;intelligent;,cerebr,,506,111,395
cgi,#N/A,,,cgi,,295,124,171
character study,#N/A,,,character studi,,81,20,61
chase,#N/A,,,chase,,304,56,248
cheating,#N/A,,,cheat,,137,27,110
cheerleading,#N/A,,,cheerlead,,133,33,100
cheesy,#N/A,,corny;silly;campy;lame;goofy;,cheesi,,549,199,350
chess,#N/A,,basketball;poker;,chess,,106,27,79
chicago,#N/A,,boston;london;,chicago,,83,14,69
chick flick,#N/A,,,chick flick,,678,384,294
child abuse,#N/A,,,child abus,,293,84,209
childhood,#N/A,,adolescence;nostalgia;,childhood,,346,93,253
children,#N/A,,teenagers;teens;,children,,686,252,434
china,#N/A,,japan;germany;,china,,163,24,139
chocolate,#N/A,,,chocol,,63,19,44
chris tucker,#N/A,,,chris tuck,,,,
christian,1,christianity;,christianity;,christian,,255,18,237
christianity,1,christian;,religion;catholicism;atheism;judaism;,christian,,292,40,252
christmas,#N/A,,holiday;,christma,,494,31,463
cia,#N/A,,fbi;nasa;,cia,,296,36,260
cinematography,#N/A,,photography;visuals;animation;,cinematographi,,2504,413,2091
circus,#N/A,,,circu,,174,34,140
civil war,#N/A,,,civil war,,136,27,109
classic,#N/A,,masterpiece;,classic,,3831,1191,2640
classic car,#N/A,,,classic car,,37,7,30
classical music,#N/A,,,classical mus,,192,35,157
claustrophobic,#N/A,,eerie;bleak;,claustrophob,,375,149,226
claymation,#N/A,,aardman;cgi;animation;,claymat,,300,67,233
clever,#N/A,,witty;intelligent;humorous;,clever,,892,149,743
cloning,1,clones;,,clone,,178,36,142
clowns,#N/A,,,clown,,70,21,49
coen bros,#N/A,,,coen bro,,32,57,-25
coen brothers,#N/A,,,coen broth,,202,18,184
cold war,#N/A,,,cold war,,292,35,257
college,#N/A,,school;,colleg,,584,108,476
colonialism,#N/A,,slavery;,coloni,,149,59,90
colourful,#N/A,,,colour,,165,51,114
comedy,#N/A,,farce;humor;satire;slapstick;,comedi,,5643,1906,3737
comic book,#N/A,,,comic book,,1630,374,1256
comic book adaption,#N/A,,,comic book adapt,,,,
comics,1,comic;,comic;cartoon;book;superheroes;,comic,comic;,74,29,45
coming of age,#N/A,,,coming of ag,,2386,371,2015
coming-of-age,#N/A,,,coming-of-ag,,100,42,58
communism,#N/A,,fascism;capitalism;,commun,,159,53,106
compassionate,#N/A,,,compassion,,125,90,35
competition,#N/A,,,competit,,255,58,197
complex,#N/A,,simple;,complex,,191,36,155
complex characters,#N/A,,,complex charact,,243,31,212
complicated,#N/A,,,complic,,764,52,712
complicated plot,#N/A,,,complicated plot,,176,24,152
computer animation,#N/A,,,computer anim,,328,63,265
computer game,#N/A,,,computer gam,,27,25,2
computers,#N/A,,technology;cgi;,comput,,491,65,426
con artists,#N/A,,,con artist,,201,36,165
con men,#N/A,,,con men,,123,29,94
confrontational,#N/A,,forceful;,confront,,140,85,55
confusing,#N/A,,,confus,,337,120,217
conspiracy,#N/A,,assassination;paranoia;investigation;espionage;corruption;,conspiraci,,946,124,822
conspiracy theory,#N/A,,,conspiracy theori,,338,37,301
controversial,#N/A,,,controversi,,588,131,457
cooking,#N/A,,,cook,,179,25,154
cool,#N/A,,awesome;,cool,,74,101,-27
corny,#N/A,,cheesy;sappy;lame;silly;,corni,,110,48,62
corporate america,#N/A,,,corporate america,,11,2,9
corruption,#N/A,,greed;brutality;racism;,corrupt,,1079,232,847
costume drama,#N/A,,,costume drama,,111,38,73
courage,#N/A,,,courag,,72,24,48
court,#N/A,,courtroom;,court,,121,58,63
courtroom,#N/A,,court;crime;lawyers;,courtroom,,386,107,279
courtroom drama,#N/A,,,courtroom drama,,255,69,186
crappy sequel,#N/A,,,crappy sequel,,86,126,-40
crazy,#N/A,,weird;,crazi,,114,57,57
creativity,#N/A,,imagination;,creativ,,59,14,45
creepy,#N/A,,eerie;scary;atmospheric;suspenseful;,creepi,,820,202,618
crime,#N/A,,murder;gangster;mafia;mob;,crime,,1922,623,1299
crime gone awry,#N/A,,,crime gone awri,,21,11,10
criterion,#N/A,,,criterion,,94,11,83
cross dressing,#N/A,,,cross dress,,196,72,124
crude humor,#N/A,,,crude humor,,439,94,345
cuba,#N/A,,russia;,cuba,,42,7,35
cult,#N/A,,indie;,cult,,297,73,224
cult classic,#N/A,,,cult class,,550,89,461
cult film,#N/A,,,cult film,,2282,354,1928
culture clash,#N/A,,,culture clash,,225,60,165
cute,1,cute!;,sweet;sexy;goofy;,cute,cute!;,586,212,374
cyberpunk,#N/A,,steampunk;anime;scifi;dystopia;noir;,cyberpunk,,921,55,866
cyborgs,#N/A,,robots;androids;robot;vampires;,cyborg,,178,32,146
cynical,#N/A,,,cynic,,439,154,285
dance,1,dancing;,ballet;,danc,,460,83,377
dark,#N/A,,bleak;grim;,dark,,2792,326,2466
dark comedy,#N/A,,,dark comedi,,3883,421,3462
dark fantasy,#N/A,,,dark fantasi,,246,30,216
dark hero,#N/A,,,dark hero,,430,26,404
dark humor,#N/A,,,dark humor,,905,91,814
dc comics,#N/A,,,dc comic,,112,1,111
deadpan,#N/A,,,deadpan,,267,125,142
death,#N/A,,suicide;,death,,858,187,671
death penalty,#N/A,,,death penalti,,104,31,73
demons,#N/A,,devil;,demon,,229,47,182
depp & burton,#N/A,,,depp & burton,,,,
depressing,#N/A,depression;,,depress,,808,217,591
depression,#N/A,depressing;,poverty;alcoholism;prohibition;loneliness;,depress,,455,77,378
desert,#N/A,,,desert,,390,71,319
destiny,#N/A,,immortality;,destini,,95,18,77
detective,#N/A,,investigation;,detect,,729,52,677
devil,#N/A,,demons;,devil,,189,34,155
dialogue,#N/A,,script;,dialogu,,874,328,546
dialogue driven,#N/A,,,dialogue driven,,354,56,298
dinosaurs,#N/A,,animals;,dinosaur,,229,63,166
directorial debut,#N/A,,,directorial debut,,370,317,53
disability,#N/A,,autism;,disabl,,340,107,233
disappointing,#N/A,,,disappoint,,270,236,34
disaster,#N/A,,catastrophe;tragedy;,disast,,312,36,276
disney,#N/A,,pixar;dreamworks;aardman;anime;,disney,,222,25,197
disney animated feature,#N/A,,,disney animated featur,,,,
disturbing,#N/A,,,disturb,,2644,544,2100
divorce,#N/A,,marriage;,divorc,,386,94,292
doctors,#N/A,,,doctor,,67,42,25
documentary,#N/A,,mockumentary;biopic;,documentari,,1244,546,698
dog,1,dogs;,,dog,dogs;,419,33,386
dolphins,#N/A,,shark;,dolphin,,21,8,13
downbeat,#N/A,,grim;bleak;,downbeat,,112,106,6
dr. seuss,#N/A,,,dr. seuss,,11,19,-8
dragons,1,dragon;,dragon;monsters;vampires;dinosaurs;,dragon,dragon;,285,45,240
drama,#N/A,,thriller;dramatic;tragedy;suspense;romance;,drama,,2565,1063,1502
dramatic,#N/A,,emotional;drama;,dramat,,228,43,185
dreamlike,#N/A,,surreal;eerie;hallucinatory;,dreamlik,,1857,208,1649
dreams,#N/A,,,dream,,520,80,440
dreamworks,#N/A,,pixar;disney;aardman;,dreamwork,,13,3,10
drinking,#N/A,,,drink,,161,59,102
drug abuse,#N/A,,,drug abus,,188,30,158
drug addiction,#N/A,,,drug addict,,96,10,86
drugs,#N/A,,,drug,,2611,570,2041
dumb,#N/A,,stupid;lame;silly;idiotic;goofy;corny;ridiculous;,dumb,,124,98,26
dumb but funny,#N/A,,,dumb but funni,,37,43,-6
dynamic cgi action,#N/A,,,dynamic cgi act,,,,
dysfunctional family,#N/A,,,dysfunctional famili,,464,82,382
dystopia,1,,futuristic;bleak;,dystopia,distopia;,4179,367,3812
dystopic future,#N/A,,,dystopic futur,,314,44,270
earnest,#N/A,,,earnest,,108,139,-31
easily confused with other movie(s) (title),#N/A,,,easily confused with other movie(s) (title),,355,508,-153
east germany,#N/A,,,east germani,,14,1,13
eccentricity,#N/A,,,eccentr,,49,26,23
ecology,#N/A,,environmental;,ecolog,,98,16,82
educational,#N/A,,documentary;historical;,educ,,34,18,16
eerie,#N/A,,creepy;ominous;atmospheric;surreal;,eeri,,263,107,156
effects,#N/A,,,effect,,117,34,83
egypt,#N/A,,rome;,egypt,,92,10,82
emma watson,#N/A,,,emma watson,,18,1,17
emotional,#N/A,,dramatic;psychological;visceral;,emot,,1317,182,1135
end of the world,#N/A,,,end of the world,,302,43,259
england,#N/A,,france;london;,england,,247,47,200
enigmatic,#N/A,,,enigmat,,365,111,254
ennio morricone,#N/A,,,ennio morricon,,43,4,39
enormously long battle scene,#N/A,,,enormously long battle scen,,32,6,26
ensemble cast,#N/A,,,ensemble cast,,920,164,756
entertaining,#N/A,,,entertain,,257,93,164
entirely dialogue,#N/A,,,entirely dialogu,,79,19,60
environment,#N/A,,,environ,,71,23,48
environmental,#N/A,,ecology;political;,environment,,311,51,260
epic,#N/A,,masterpiece;adventure;,epic,,683,112,571
erotic,#N/A,,sexual;,erot,,339,64,275
espionage,#N/A,,spy;conspiracy;cia;political;thriller;,espionag,,1130,200,930
ethnic conflict,#N/A,,,ethnic conflict,,32,19,13
evolution,#N/A,,transformation;,evolut,revolution;,103,40,63
excellent,#N/A,,great;brilliant;,excel,,52,135,-83
excellent script,#N/A,,,excellent script,,497,36,461
exceptional acting,#N/A,,,exceptional act,,17,11,6
exciting,#N/A,,,excit,,152,58,94
existentialism,#N/A,,philosophy;philosophical;metaphysics;,existenti,,637,67,570
explosions,#N/A,,gore;,explos,,125,51,74
factual,#N/A,,historical;biographical;,factual,,61,26,35
fairy tale,1,fairy tales;,,fairy tal,fairy tales;,1058,163,895
fake documentary,#N/A,,,fake documentari,,74,16,58
family,#N/A,,,famili,,1793,372,1421
family bonds,#N/A,,,family bond,,126,53,73
family drama,#N/A,,,family drama,,77,26,51
fantasy,#N/A,,surrealism;,fantasi,,3646,849,2797
fantasy world,#N/A,,,fantasy world,,697,94,603
farce,#N/A,,comedy;slapstick;satire;parody;spoof;,farc,,180,49,131
fascism,#N/A,,communism;nazi;nazis;,fascism,,152,40,112
fashion,#N/A,,,fashion,,227,50,177
fast paced,#N/A,,,fast pac,,163,66,97
father daughter relationship,#N/A,,,father daughter relationship,,330,100,230
father-son relationship,1,father son relationship;,,father-son relationship,father son relationship;,774,257,517
fbi,#N/A,,cia;police;,fbi,,161,11,150
feel good movie,#N/A,,,feel good movi,,388,61,327
feel-good,#N/A,,,feel-good,,756,112,644
fight scenes,#N/A,,,fight scen,,243,33,210
fighting,#N/A,,,fight,,313,105,208
fighting the system,#N/A,,,fighting the system,,2,1,1
figure skating,#N/A,,,figure sk,,54,8,46
film noir,#N/A,,,film noir,,816,134,682
finnish,#N/A,,swedish;italian;german;russian;,finnish,,44,8,36
firefly,#N/A,,,firefli,,3,0,3
first contact,#N/A,,,first contact,,198,25,173
fish,#N/A,,,fish,,67,23,44
flashbacks,#N/A,,,flashback,,142,54,88
football,#N/A,,basketball;baseball;soccer;,footbal,,242,85,157
forceful,#N/A,,,forc,,122,178,-56
foreign,#N/A,,spanish;french;australian;,foreign,,160,99,61
foul language,#N/A,,,foul languag,,164,48,116
fountain of youth,#N/A,,,fountain of youth,,29,2,27
france,#N/A,,italy;spain;england;paris;germany;japan;,franc,,239,31,208
franchise,#N/A,,series;sequels;sequel;trilogy;,franchis,,1163,544,619
francis ford copolla,#N/A,,,francis ford copolla,,1,2,-1
free speech,#N/A,,,free speech,,24,5,19
free to download,#N/A,,,free to download,,33,32,1
freedom,#N/A,,,freedom,,201,47,154
french,#N/A,,spanish;german;russian;italian;france;,french,,212,59,153
friendship,#N/A,,relationships;,friendship,,2235,319,1916
frightening,#N/A,,,frighten,,15,11,4
fun,#N/A,,humorous;campy;,fun,,687,289,398
fun movie,#N/A,,,fun movi,,21,39,-18
funniest movies,#N/A,,,funniest movi,,5,4,1
funny,#N/A,,hilarious;humorous;unfunny;silly;,funni,,4583,1413,3170
funny as hell,#N/A,,,funny as hel,,17,30,-13
future,#N/A,,futuristic;technology;,futur,,1538,171,1367
futuristic,#N/A,,future;dystopia;technology;,futurist,,954,88,866
gambling,#N/A,,,gambl,,298,75,223
gangs,#N/A,,,gang,,161,54,107
gangster,1,gangsters;,mafia;gangsters;mob;noir;,gangster,gangsters;,549,49,500
gay,#N/A,,lesbian;queer;,gay,,1182,330,852
gay character,#N/A,,,gay charact,,,,
geeks,1,geek;,geek;nerds;,geek,geek;,104,29,75
genetics,#N/A,,technology;,genet,,360,39,321
genius,#N/A,,,geniu,,464,87,377
genocide,#N/A,,rape;terrorism;,genocid,,125,35,90
george orwell,#N/A,,,george orwel,,,,
german,#N/A,,germany;nazi;russian;french;japanese;british;italian;spanish;,german,germany;,122,22,100
germany,#N/A,,german;berlin;france;poland;italy;,germani,german;,114,20,94
ghosts,#N/A,,,ghost,,604,181,423
ghosts/afterlife,#N/A,,,ghosts/afterlif,,150,71,79
giant robots,#N/A,,,giant robot,,138,12,126
gilliam,#N/A,,kubrick;,gilliam,,,,
girlie movie,#N/A,,,girlie movi,,186,203,-17
glbt,#N/A,,gay;,glbt,,51,55,-4
global warming,#N/A,,,global warm,,69,36,33
god,#N/A,,jesus;,god,good;,81,23,58
golden palm,#N/A,,,golden palm,,,,
golf,#N/A,,football;soccer;baseball;chess;basketball;,golf,,90,19,71
good,#N/A,,bad;excellent;great;,good,food;god;,95,271,-176
good acting,#N/A,good action;,,good act,,440,137,303
good action,#N/A,good acting;,,good act,,45,31,14
good dialogue,#N/A,,,good dialogu,,359,68,291
good music,#N/A,,,good mus,,137,66,71
good romantic comedies,#N/A,,,good romantic comedi,,2,3,-1
good sequel,#N/A,,,good sequel,,51,29,22
good soundtrack,#N/A,,,good soundtrack,,173,74,99
good story,#N/A,,,good stori,,118,38,80
good versus evil,#N/A,,,good versus evil,,206,70,136
goofy,#N/A,,silly;cheesy;corny;campy;,goofi,,234,98,136
gore,#N/A,,gory;nudity;splatter;violence;explosions;,gore,gory;,1020,195,825
goretastic,#N/A,,,goretast,,36,23,13
gory,#N/A,,gruesome;gore;bloody;violent;splatter;,gori,gore;,107,43,64
goth,#N/A,,punk;gothic;lesbian;,goth,,49,43,6
gothic,#N/A,,atmospheric;noir;macabre;,gothic,,643,154,489
graphic design,#N/A,,,graphic design,,63,3,60
graphic novel,#N/A,,,graphic novel,,36,12,24
gratuitous violence,#N/A,,,gratuitous viol,,96,27,69
great,#N/A,,excellent;brilliant;awesome;,great,,39,99,-60
great acting,#N/A,,,great act,,1477,216,1261
great cinematography,#N/A,,,great cinematographi,,253,70,183
great dialogue,#N/A,,,great dialogu,,273,47,226
great ending,#N/A,,,great end,,818,77,741
great movie,#N/A,,,great movi,,21,39,-18
great music,#N/A,,,great mus,,68,37,31
great soundtrack,#N/A,,,great soundtrack,,2400,362,2038
greed,#N/A,,corruption;betrayal;capitalism;,greed,,197,43,154
grim,#N/A,,bleak;gritty;downbeat;,grim,,195,73,122
grindhouse,#N/A,,blaxploitation;,grindhous,,93,27,66
gritty,#N/A,,grim;bleak;stylish;,gritti,,643,190,453
gross-out,#N/A,,,gross-out,,8,2,6
gruesome,#N/A,,gory;brutal;bloody;violent;macabre;,gruesom,,162,88,74
guilt,#N/A,,betrayal;,guilt,,123,30,93
guilty pleasure,#N/A,,,guilty pleasur,,107,68,39
gulf war,#N/A,,,gulf war,,8,6,2
gunfight,#N/A,,,gunfight,,197,31,166
guns,#N/A,,,gun,,234,106,128
gypsy accent,#N/A,,,gypsy acc,,27,2,25
hackers,#N/A,,geeks;,hacker,,331,57,274
hacking,#N/A,,,hack,,214,40,174
halloween,#N/A,,slasher;,halloween,,184,25,159
hallucinatory,#N/A,,surreal;dreamlike;psychedelic;,hallucinatori,,574,120,454
handycam,#N/A,,,handycam,,3,1,2
hannibal lecter,#N/A,,,hannibal lect,,,,
happy ending,#N/A,,,happy end,,406,74,332
hard to watch,#N/A,,,hard to watch,,80,44,36
harry potter,#N/A,,,harry pott,,239,34,205
harsh,#N/A,,brutal;grim;,harsh,,80,64,16
haunted house,#N/A,,,haunted hous,,407,87,320
hawaii,#N/A,,japan;,hawaii,,29,1,28
heartbreaking,#N/A,,poignant;heartwarming;,heartbreak,,228,40,188
heartwarming,#N/A,,poignant;heartbreaking;bittersweet;inspirational;,heartwarm,,702,123,579
heist,#N/A,,robbery;caper;,heist,,926,151,775
heroin,#N/A,heroine;,marijuana;,heroin,heroine;,175,32,143
heroine,#N/A,heroin;,,heroin,heroin;,77,28,49
heroine in tight suit,#N/A,,,heroine in tight suit,,123,40,83
high fantasy,#N/A,,,high fantasi,,214,25,189
high school,#N/A,,,high school,,1852,351,1501
highly quotable,#N/A,,,highly quot,,63,13,50
hilarious,1,hillarious;,funny;humorous;hillarious;,hilari,hillarious;,1050,494,556
hip hop,#N/A,,,hip hop,,98,38,60
historical,#N/A,,factual;biblical;biographical;political;history;,histor,,1155,309,846
history,#N/A,,literature;historical;,histori,,1237,342,895
hit men,#N/A,,,hit men,,78,33,45
hitchcock,#N/A,,,hitchcock,,2,4,-2
hitman,#N/A,,assassin;,hitman,,380,50,330
holiday,#N/A,,christmas;,holiday,,299,34,265
hollywood,#N/A,,disney;,hollywood,bollywood;,157,7,150
holocaust,#N/A,,apocalypse;genocide;,holocaust,,332,64,268
homeless,#N/A,,,homeless,,53,19,34
homophobia,#N/A,,racism;homosexuality;prejudice;,homophobia,,186,63,123
homosexuality,#N/A,,sexuality;incest;racism;homophobia;,homosexu,,650,154,496
honest,#N/A,,realistic;,honest,,116,37,79
hong kong,#N/A,,,hong kong,,74,7,67
horrible,#N/A,,awful;bad;,horribl,,44,114,-70
horror,#N/A,,slasher;zombie;gore;scifi;splatter;halloween;blaxploitation;,horror,,2316,579,1737
horses,#N/A,,,hors,,70,37,33
hospital,#N/A,,,hospit,,332,47,285
hostage,#N/A,,,hostag,,247,29,218
hotel,#N/A,,,hotel,,328,61,267
humanity,#N/A,,courage;,human,,84,27,57
humorous,1,humor;,funny;hilarious;satirical;witty;clever;,humor,,1162,500,662
hunting,#N/A,,,hunt,,106,24,82
idealism,#N/A,,,ideal,,146,26,120
identity,#N/A,,amnesia;,ident,,167,26,141
idiotic,#N/A,,stupid;ridiculous;pointless;unfunny;,idiot,,59,65,-6
imaginary friend,#N/A,,,imaginary friend,,122,36,86
imagination,#N/A,,creativity;,imagin,,535,55,480
imdb top 250,#N/A,,,imdb top 250,,1781,1134,647
immigrants,#N/A,,jews;,immigr,,168,74,94
immortality,#N/A,,destiny;,immort,,273,34,239
incest,#N/A,,homosexuality;adultery;,incest,,335,75,260
independent film,#N/A,,,independent film,,2080,56,2024
india,#N/A,,africa;france;italy;australia;,india,indie;,136,11,125
indiana jones,#N/A,,,indiana jon,,145,20,125
indians,#N/A,,,indian,,37,20,17
indie,#N/A,,artsy;cult;,indi,india;,157,39,118
infidelity,#N/A,,adultery;betrayal;incest;alcoholism;,infidel,,438,103,335
innocence lost,#N/A,,,innocence lost,,27,7,20
insanity,#N/A,,,insan,,548,90,458
inspirational,1,inspiring;,heartwarming;poignant;,inspir,,1709,184,1525
intellectual,#N/A,,cerebral;philosophical;intelligent;artistic;,intellectu,,465,51,414
intelligent,#N/A,,witty;clever;,intellig,,966,101,865
intelligent sci-fi,#N/A,,,intelligent sci-fi,,94,4,90
intense,#N/A,,tense;suspenseful;visceral;,intens,,816,140,676
interesting,#N/A,,,interest,,372,166,206
internet,#N/A,,computers;,internet,,204,35,169
interracial romance,#N/A,,,interracial rom,,81,38,43
intimate,#N/A,,poignant;passionate;intense;,intim,,129,76,53
investigation,#N/A,,,investig,,558,51,507
iran,#N/A,,,iran,iraq;,31,1,30
iraq,#N/A,,,iraq,iran;,55,20,35
iraq war,#N/A,,,iraq war,,20,0,20
ireland,#N/A,,irish;england;scotland;india;australia;,ireland,,63,5,58
irish,#N/A,,ireland;,irish,,47,12,35
irish accent,#N/A,,,irish acc,,55,15,40
ironic,#N/A,,satirical;cynical;,iron,,98,42,56
irreverent,#N/A,,satirical;quirky;,irrever,,329,186,143
islam,#N/A,,christianity;religion;judaism;,islam,,39,11,28
island,#N/A,,,island,,500,98,402
isolation,#N/A,,loneliness;solitude;,isol,,402,44,358
israel,#N/A,,palestine;,israel,,96,26,70
italian,#N/A,,spanish;german;french;,italian,,101,13,88
italy,#N/A,,france;rome;spain;germany;,itali,,197,17,180
james bond,#N/A,,,james bond,,387,55,332
jane austen,#N/A,,,jane austen,,10,4,6
japan,#N/A,,japanese;france;germany;tokyo;italy;,japan,,274,33,241
japanese,#N/A,,japan;german;british;,japanes,,185,59,126
jay and silent bob,#N/A,,,jay and silent bob,,58,10,48
jazz,#N/A,,musicians;,jazz,,265,53,212
jesus,#N/A,,,jesu,,209,19,190
jewish,#N/A,,jews;judaism;,jewish,,106,15,91
jews,#N/A,,jewish;nazis;,jew,,60,10,50
journalism,#N/A,,,journal,,586,126,460
judaism,#N/A,,christianity;religion;jewish;catholicism;,judaism,,21,2,19
jungle,#N/A,,wilderness;desert;,jungl,,304,39,265
justice,#N/A,,vengeance;,justic,,294,63,231
kick-butt women,#N/A,,,kick-butt women,,,,
kidnapping,#N/A,,,kidnap,,874,149,725
kids and family,#N/A,,,kids and famili,,109,41,68
king arthur,#N/A,,,king arthur,,7,0,7
kubrick,#N/A,,,kubrick,,13,23,-10
kung fu,#N/A,,,kung fu,,426,96,330
kurosawa,#N/A,,samurai;,kurosawa,,,,
lame,#N/A,,stupid;cheesy;corny;dumb;ridiculous;unfunny;,lame,,55,112,-57
las vegas,#N/A,,,las vega,,103,7,96
latin america,#N/A,,,latin america,,16,0,16
lawyer,1,lawyers;,lawyers;,lawyer,lawyers;,287,33,254
lesbian,#N/A,,gay;bdsm;,lesbian,,908,208,700
life,#N/A,,humanity;marriage;,life,,105,67,38
life & death,#N/A,,,life & death,,120,22,98
life philosophy,#N/A,,,life philosophi,,45,13,32
light,#N/A,,,light,,100,117,-17
lions,#N/A,,animals;,lion,,35,15,20
literary adaptation,#N/A,,,literary adapt,,121,109,12
literature,#N/A,,mythology;history;poetry;,literatur,,98,66,32
liv tyler,#N/A,,,liv tyl,,12,5,7
london,#N/A,,england;paris;chicago;,london,,89,23,66
lone hero,#N/A,,,lone hero,,81,17,64
loneliness,#N/A,,isolation;solitude;,loneli,,960,108,852
long,#N/A,,,long,,838,324,514
los angeles,#N/A,,,los angel,,304,12,292
love,#N/A,,passionate;,love,,1812,289,1523
love story,#N/A,,,love stori,,703,151,552
love triangles,#N/A,,,love triangl,,67,33,34
low budget,#N/A,,,low budget,,528,136,392
lynch,#N/A,,,lynch,,36,18,18
lyrical,#N/A,,dreamlike;poetry;,lyric,,200,146,54
macabre,#N/A,,gruesome;surreal;eerie;gothic;creepy;grim;,macabr,,77,37,40
mad scientist,#N/A,,,mad scientist,,278,47,231
made for tv,#N/A,,,made for tv,,41,3,38
mafia,#N/A,,mob;gangsters;gangster;,mafia,,547,87,460
magic,#N/A,,wizards;,magic,,1515,224,1291
magic realism,#N/A,,,magic r,,113,30,83
man versus machine,#N/A,,,man versus machin,,97,13,84
manipulation,#N/A,,voyeurism;,manipul,,155,30,125
marijuana,#N/A,,weed;heroin;,marijuana,,309,64,245
marriage,#N/A,,divorce;relationships;infidelity;,marriag,,534,94,440
martial arts,#N/A,,,martial art,,1531,287,1244
marvel,#N/A,,superhero;comics;masterpiece;,marvel,,214,34,180
marx brothers,#N/A,,,marx broth,,25,22,3
masterpiece,#N/A,,classic;,masterpiec,,478,84,394
math,#N/A,,mathematics;,math,,149,21,128
mathematics,#N/A,,math;,mathemat,,599,55,544
maze,#N/A,,,maze,,81,16,65
medieval,#N/A,,,mediev,,305,59,246
meditative,#N/A,,dreamlike;reflective;,medit,,316,111,205
melancholic,#N/A,,melancholy;wistful;bittersweet;eerie;,melanchol,,216,19,197
melancholy,#N/A,,melancholic;wistful;bittersweet;,melancholi,,505,125,380
memory,#N/A,,amnesia;,memori,,622,80,542
memory loss,#N/A,,,memory loss,,158,31,127
mental hospital,#N/A,,,mental hospit,,131,30,101
mental illness,#N/A,,,mental il,,1739,271,1468
mentor,#N/A,,teacher;,mentor,,322,25,297
metaphysics,#N/A,,philosophy;existentialism;philosophical;,metaphys,,79,19,60
mexico,#N/A,,england;california;spain;,mexico,,238,22,216
middle east,#N/A,,,middle east,,111,16,95
midlife crisis,#N/A,,,midlife crisi,,166,24,142
military,#N/A,,,militari,,999,255,744
mindfuck,#N/A,,,mindfuck,,1662,185,1477
mining,#N/A,,,mine,,60,30,30
minnesota,#N/A,,,minnesota,,8,1,7
mission from god,#N/A,,,mission from god,,,,
mistaken identity,#N/A,,,mistaken ident,,176,32,144
miyazaki,#N/A,,kurosawa;,miyazaki,,2,1,1
mob,#N/A,,mafia;gangsters;gangster;,mob,,72,47,25
mockumentary,#N/A,,documentary;parody;,mockumentari,,539,102,437
modern fantasy,#N/A,,,modern fantasi,,180,30,150
money,#N/A,,,money,monkey;,354,51,303
monkey,#N/A,,,monkey,money;,83,35,48
monster,1,monsters;,monsters;,monster,monsters;,728,129,599
monty python,#N/A,,,monty python,,31,3,28
moody,#N/A,,atmospheric;eerie;,moodi,,121,91,30
moon,#N/A,,,moon,,176,19,157
moral ambiguity,#N/A,,,moral ambigu,,90,32,58
morality,#N/A,,,moral,,173,37,136
mother daughter relationship,#N/A,,,mother daughter relationship,,123,51,72
mother-son relationship,#N/A,,,mother-son relationship,,191,71,120
motorcycle,#N/A,,,motorcycl,,322,142,180
mountain climbing,#N/A,,,mountain climb,,127,33,94
movie business,#N/A,,,movie busi,,562,173,389
movielens top pick,#N/A,,,movielens top pick,,72,373,-301
moving,#N/A,,,move,,133,33,100
mozart,#N/A,,,mozart,,3,0,3
mtv,#N/A,,,mtv,,3,0,3
multiple storylines,#N/A,,,multiple storylin,,1242,121,1121
mummy,#N/A,,sequel;,mummi,,108,29,79
muppets,#N/A,,puppets;monsters;,muppet,puppets;,106,51,55
murder,#N/A,,crime;,murder,,3101,767,2334
murder mystery,#N/A,,,murder mysteri,,115,21,94
music,1,musical;,musical;,music,,2319,497,1822
music business,#N/A,,,music busi,,126,45,81
musical,1,music;,music;jazz;,music,,2095,381,1714
musicians,#N/A,,jazz;,musician,,552,210,342
mutants,#N/A,,vampires;robots;,mutant,,137,33,104
mystery,#N/A,,,mysteri,,1668,247,1421
mythology,#N/A,,,mytholog,,462,53,409
narrated,#N/A,,,narrat,,542,143,399
nasa,#N/A,,astronauts;cia;,nasa,,30,0,30
native americans,#N/A,,,native american,,27,13,14
natural disaster,#N/A,,,natural disast,,173,40,133
nature,#N/A,,,natur,,510,110,400
nazi,1,nazis;,nazis;german;fascism;,nazi,nazis;,280,30,250
neil gaiman,#N/A,,,neil gaiman,,,,
neo-nazis,#N/A,,,neo-nazi,,1,1,0
neo-noir,#N/A,,,neo-noir,,630,56,574
nerds,#N/A,,geeks;geek;,nerd,,167,41,126
new jersey,#N/A,,,new jersey,,50,12,38
new orleans,#N/A,,,new orlean,,41,1,40
new york,#N/A,,,new york,,415,40,375
new york city,#N/A,,,new york c,,318,24,294
new zealand,#N/A,,,new zealand,,59,5,54
ninja,#N/A,,samurai;,ninja,,152,48,104
no dialogue,#N/A,,,no dialogu,,84,24,60
no plot,#N/A,,,no plot,,121,85,36
nocturnal,#N/A,,,nocturn,,82,39,43
noir,#N/A,,gothic;gangster;thriller;,noir,,168,81,87
noir thriller,#N/A,,,noir thril,,441,34,407
non-hollywood ending,#N/A,,,non-hollywood end,,30,7,23
nonlinear,1,non-linear;,,nonlinear,non-linear;,1439,137,1302
nostalgic,1,nostalgia;,nostalgia;sentimental;campy;wistful;,nostalg,nostalgia;,340,120,220
not as good as the first,#N/A,,,not as good as the first,,82,105,-23
not funny,#N/A,,,not funni,,306,427,-121
notable soundtrack,#N/A,,,notable soundtrack,,343,83,260
nuclear,#N/A,,,nuclear,,42,24,18
nuclear bomb,#N/A,,,nuclear bomb,,54,31,23
nuclear war,#N/A,,,nuclear war,,146,32,114
nudity,1,nudity (full frontal - brief);nudity (full frontal);nudity (rear);nudity (topless - brief);nudity (topless - notable);nudity (topless);,gore;violence;sex;,nuditi,,321,109,212
nudity (full frontal - notable),#N/A,,,nudity (full frontal - notable),,,,
obsession,#N/A,,,obsess,,494,64,430
ocean,#N/A,,underwater;boat;,ocean,,271,79,192
off-beat comedy,#N/A,,,off-beat comedi,,251,34,217
office,#N/A,,,offic,,73,7,66
oil,#N/A,,,oil,,97,22,75
olympics,#N/A,,,olymp,,9,1,8
ominous,#N/A,,eerie;creepy;atmospheric;,omin,,210,162,48
opera,#N/A,,,opera,,123,31,92
organized crime,#N/A,,,organized crim,,1121,179,942
original,#N/A,,,origin,,986,142,844
original plot,#N/A,,,original plot,,465,58,407
orphans,#N/A,,,orphan,,106,48,58
oscar,#N/A,,,oscar,,23,19,4
oscar (best actor),#N/A,,,oscar (best actor),,15,1,14
oscar (best actress),#N/A,,,oscar (best actress),,20,0,20
oscar (best animated feature),#N/A,,,oscar (best animated feature),,,,
oscar (best cinematography),#N/A,,,oscar (best cinematography),,138,18,120
oscar (best directing),#N/A,,,oscar (best directing),,148,20,128
oscar (best editing),#N/A,,,oscar (best editing),,1,1,0
oscar (best effects - visual effects),#N/A,,,oscar (best effects - visual effects),,11,2,9
oscar (best foreign language film),#N/A,,,oscar (best foreign language film),,4,3,1
oscar (best music - original score),#N/A,,,oscar (best music - original score),,,,
oscar (best music - original song),#N/A,,,oscar (best music - original song),,,,
oscar (best picture),#N/A,,,oscar (best picture),,29,2,27
oscar (best sound),#N/A,,,oscar (best sound),,,,
oscar (best supporting actor),#N/A,,,oscar (best supporting actor),,11,3,8
oscar (best supporting actress),#N/A,,,oscar (best supporting actress),,9,0,9
oscar (best writing - screenplay written directly for the screen),#N/A,,,oscar (best writing - screenplay written directly for the screen),,,,
oscar winner,#N/A,,,oscar winn,,4,2,2
over the top,#N/A,,,over the top,,186,94,92
overrated,#N/A,,,overr,,852,1087,-235
palestine,#N/A,,israel;,palestin,,33,6,27
parallel universe,#N/A,,,parallel univers,,182,10,172
paranoia,1,paranoid;,paranoid;,paranoia,paranoid;,412,55,357
parenthood,#N/A,,divorce;adolescence;marriage;,parenthood,,67,18,49
paris,#N/A,,france;london;vienna;,pari,,337,23,314
parody,#N/A,,spoof;satire;slapstick;,parodi,,1355,339,1016
passionate,#N/A,,intense;,passion,,116,77,39
penguins,#N/A,,animals;,penguin,,39,14,25
perfect,#N/A,,excellent;brilliant;,perfect,,30,67,-37
period piece,#N/A,,,period piec,,364,59,305
peter pan,#N/A,,,peter pan,,2,0,2
pg,#N/A,,,pg,,1,2,-1
pg-13,#N/A,,,pg-13,,3,2,1
philip k. dick,#N/A,,,philip k. dick,,,,
philosophical,#N/A,,intellectual;philosophy;,philosoph,,1326,100,1226
philosophy,#N/A,,psychology;philosophical;metaphysics;existentialism;,philosophi,,1385,111,1274
photographer,#N/A,,,photograph,,151,20,131
photography,#N/A,,cinematography;visuals;,photographi,,396,111,285
pigs,#N/A,,,pig,,36,33,3
pirates,#N/A,,,pirat,,451,84,367
pixar,#N/A,,dreamworks;disney;aardman;animation;,pixar,,526,146,380
pixar animation,#N/A,,,pixar anim,,24,0,24
plot,#N/A,,story;script;storytelling;,plot,,348,196,152
plot holes,#N/A,,,plot hol,,516,177,339
plot twist,#N/A,,,plot twist,,1006,102,904
poetry,#N/A,,literature;,poetri,,164,32,132
poignant,#N/A,,heartbreaking;bittersweet;heartwarming;,poignant,,346,189,157
pointless,#N/A,,ridiculous;,pointless,,194,160,34
poker,#N/A,,football;chess;basketball;baseball;,poker,,163,24,139
poland,#N/A,,germany;france;vienna;,poland,,37,3,34
police,#N/A,,fbi;,polic,,1465,306,1159
police corruption,#N/A,,,police corrupt,,360,90,270
police investigation,#N/A,,,police investig,,114,29,85
political,1,politics;,politics;environmental;,polit,,376,118,258
political corruption,#N/A,,,political corrupt,,41,7,34
politics,1,political;,political;religion;terrorism;,polit,,1762,428,1334
pornography,#N/A,,prostitution;homosexuality;,pornographi,,190,61,129
post-apocalyptic,1,post apocalyptic;,,post-apocalypt,post apocalyptic;,2206,194,2012
potential oscar nom,#N/A,,,potential oscar nom,,,,
poverty,#N/A,,depression;,poverti,,319,84,235
powerful ending,#N/A,,,powerful end,,540,54,486
predictable,#N/A,,,predict,,2096,768,1328
pregnancy,#N/A,,infidelity;marriage;,pregnanc,,425,106,319
prejudice,#N/A,,racism;,prejudic,,65,24,41
prequel,#N/A,,sequel;remake;sequels;trilogy;,prequel,,117,40,77
president,#N/A,,,presid,,102,61,41
pretentious,#N/A,,artsy;,pretenti,,313,161,152
prison,#N/A,,,prison,,1188,200,988
prison escape,#N/A,,,prison escap,,400,44,356
private detective,#N/A,,,private detect,,203,41,162
product placement,#N/A,,,product plac,,157,72,85
prohibition,#N/A,,depression;1920s;1930s;,prohibit,,42,4,38
propaganda,#N/A,,,propaganda,,307,187,120
prostitution,#N/A,,pornography;rape;corruption;poverty;,prostitut,,514,124,390
psychedelic,#N/A,,surreal;hallucinatory;,psychedel,,246,35,211
psychiatrist,#N/A,,,psychiatrist,,129,19,110
psychiatry,#N/A,,psychology;philosophy;religion;psychiatrist;,psychiatri,,86,32,54
psychological,1,psychology;,supernatural;emotional;psychology;,psycholog,,2232,202,2030
psychology,1,psychological;,philosophy;psychological;psychiatry;,psycholog,,3596,399,3197
pulp,#N/A,,science;tarantino;steampunk;,pulp,,59,37,22
punk,#N/A,,goth;,punk,,136,18,118
puppets,#N/A,,robots;,puppet,muppets;,79,45,34
queer,#N/A,,gay;homosexuality;,queer,,447,192,255
quirky,#N/A,,whimsical;witty;,quirki,,3447,562,2885
quotable,#N/A,,witty;,quotabl,,246,62,184
rabbits,#N/A,,,rabbit,,46,19,27
race,#N/A,racing;,,race,rape;,85,54,31
race issues,#N/A,,,race issu,,92,27,65
racing,#N/A,race;,,race,,149,35,114
racism,#N/A,,prejudice;segregation;homophobia;corruption;,racism,,967,277,690
radio,#N/A,,television;,radio,,111,26,85
rags to riches,#N/A,,,rags to rich,,60,11,49
rape,#N/A,,incest;,rape,race;,1252,216,1036
rats,#N/A,,,rat,,67,31,36
realistic,#N/A,,,realist,,693,207,486
realistic action,#N/A,,,realistic act,,154,49,105
reality tv,#N/A,,,reality tv,,14,2,12
rebellion,#N/A,,revolution;,rebellion,,265,59,206
redemption,#N/A,,,redempt,,337,85,252
reflective,#N/A,,meditative;melancholy;,reflect,,576,167,409
relationships,#N/A,,friendship;,relationship,,813,146,667
religion,#N/A,,christianity;catholicism;atheism;judaism;,religion,,1534,521,1013
remake,1,remade;,adaptation;sequels;sequel;,remak,remade;,1265,440,825
revenge,#N/A,,vengeance;betrayal;redemption;,reveng,,2727,401,2326
revolution,#N/A,,rebellion;communism;,revolut,evolution;,367,61,306
ridiculous,#N/A,,absurd;unrealistic;silly;pointless;idiotic;,ridicul,,332,152,180
rio de janeiro,#N/A,,,rio de janeiro,,32,1,31
road movie,#N/A,,,road movi,,332,72,260
road trip,#N/A,,,road trip,,924,152,772
roald dahl,#N/A,,,roald dahl,,36,5,31
robbery,#N/A,,heist;,robberi,,400,34,366
robert downey jr,#N/A,,,robert downey jr,,1,6,-5
robert ludlum,#N/A,,,robert ludlum,,,,
robots,1,robot;,robot;androids;cyborgs;,robot,robot;,1233,178,1055
rock and roll,#N/A,,,rock and rol,,501,183,318
romance,#N/A,,romantic;drama;adventure;friendship;,romanc,,3675,986,2689
romantic,#N/A,,romance;screwball;sentimental;heartwarming;erotic;wistful;bittersweet;sappy;,romant,,555,146,409
romantic comedy,#N/A,,,romantic comedi,,700,117,583
rome,#N/A,,italy;egypt;,rome,,87,7,80
runaway,#N/A,,,runaway,,84,23,61
russia,#N/A,,germany;france;russian;,russia,russian;,137,2,135
russian,#N/A,,german;french;,russian,russia;,117,17,100
sacrifice,#N/A,,,sacrific,,140,22,118
sad,#N/A,,heartbreaking;melancholy;poignant;,sad,bad;,575,224,351
sad but good,#N/A,,,sad but good,,105,57,48
samurai,#N/A,,kurosawa;,samurai,,407,81,326
san francisco,#N/A,,,san francisco,,79,6,73
sappy,#N/A,,sentimental;corny;,sappi,,65,36,29
sarcasm,#N/A,,satire;humor;,sarcasm,,129,25,104
satire,1,satirical;,satirical;parody;farce;spoof;,satir,,2116,338,1778
satirical,1,satire;,satire;humorous;irreverent;,satir,,789,259,530
saturday night live,#N/A,,,saturday night l,,9,9,0
saturn award (best science fiction film),#N/A,,,saturn award (best science fiction film),,,,
saturn award (best special effects),#N/A,,,saturn award (best special effects),,,,
scary,#N/A,,creepy;suspenseful;gory;,scari,,373,184,189
scenic,#N/A,,,scenic,,338,68,270
schizophrenia,#N/A,,alcoholism;,schizophrenia,,247,41,206
school,#N/A,,college;,school,,339,72,267
sci-fi,1,sci fi;scifi;,,sci-fi,sci fi;scifi;,9094,1286,7808
science,#N/A,,pulp;steampunk;scifi;,scienc,,638,132,506
science fiction,#N/A,,,science fict,,1444,178,1266
scifi cult,#N/A,,,scifi cult,,112,34,78
scotland,#N/A,,england;ireland;,scotland,,94,6,88
screwball,#N/A,,slapstick;romantic;,screwbal,,59,26,33
screwball comedy,#N/A,,,screwball comedi,,235,25,210
script,#N/A,,dialogue;plot;,script,,196,188,8
secret service,#N/A,,,secret servic,,103,32,71
secrets,#N/A,,,secret,,201,59,142
segregation,#N/A,,racism;slavery;,segreg,,79,20,59
self discovery,#N/A,,,self discoveri,,263,38,225
sentimental,#N/A,,sappy;,sentiment,,409,103,306
sequel,1,sequels;,sequels;franchise;prequel;remake;mummy;series;,sequel,sequels;,1669,429,1240
serial killer,#N/A,,,serial kil,,1955,352,1603
series,#N/A,,franchise;trilogy;sequel;sequels;,seri,,69,51,18
sex,#N/A,,sexuality;sexual;nudity;,sex,sexy;,1189,112,1077
sex comedy,#N/A,,,sex comedi,,98,4,94
sexual,#N/A,sexuality;,sexuality;sex;erotic;homosexuality;,sexual,,219,87,132
sexual abuse,#N/A,,,sexual abus,,150,30,120
sexuality,#N/A,sexual;,homosexuality;sexual;sex;,sexual,,931,253,678
sexualized violence,#N/A,,,sexualized viol,,23,13,10
sexy,#N/A,,,sexi,sex;,184,105,79
shakespeare,#N/A,,,shakespear,,119,34,85
shallow,#N/A,,,shallow,,110,67,43
shark,#N/A,,dinosaurs;,shark,,179,30,149
shopping,#N/A,,,shop,,38,9,29
short,#N/A,,long;,short,,1111,200,911
short-term memory loss,#N/A,,,short-term memory loss,,155,25,130
silent,#N/A,,,silent,,70,47,23
silly,#N/A,,goofy;cheesy;ridiculous;corny;stupid;absurd;unrealistic;,silli,,763,343,420
silly fun,#N/A,,,silly fun,,79,35,44
simple,#N/A,,complex;,simpl,,74,37,37
single father,#N/A,,,single fath,,96,21,75
sisters,#N/A,,,sister,,89,23,66
skinhead,#N/A,,nazi;,skinhead,,69,6,63
slackers,#N/A,,,slacker,,95,33,62
slapstick,#N/A,,farce;screwball;,slapstick,,299,88,211
slasher,#N/A,,horror;zombie;splatter;gangster;halloween;,slasher,,554,98,456
slavery,#N/A,,segregation;racism;colonialism;,slaveri,,266,70,196
slow,#N/A,,,slow,,1135,498,637
slow paced,#N/A,,,slow pac,,400,144,256
small town,#N/A,,,small town,,917,203,714
snakes,#N/A,,,snake,,47,17,30
so bad it's funny,#N/A,,,so bad it's funni,,52,40,12
so bad it's good,#N/A,,,so bad it's good,,279,83,196
soccer,#N/A,,football;basketball;golf;baseball;,soccer,,210,53,157
social commentary,#N/A,,,social commentari,,2972,355,2617
solitude,#N/A,,isolation;loneliness;,solitud,,104,11,93
sophia coppola,#N/A,,,sophia coppola,,,,
south africa,#N/A,,,south africa,,37,2,35
south america,#N/A,,,south america,,33,3,30
southern theme,#N/A,,,southern them,,6,2,4
space,#N/A,,,space,,3069,316,2753
space opera,#N/A,,,space opera,,419,64,355
space program,#N/A,,,space program,,124,23,101
space travel,#N/A,,,space travel,,768,79,689
spaghetti western,#N/A,,,spaghetti western,,425,68,357
spain,#N/A,,france;spanish;italy;england;,spain,,112,8,104
spanish,#N/A,,spain;french;italian;german;,spanish,,86,15,71
spanish civil war,#N/A,,,spanish civil war,,15,0,15
special,#N/A,,visual;cgi;,special,,39,101,-62
special effects,#N/A,,,special effect,,372,69,303
spelling bee,#N/A,,,spelling be,,30,7,23
spiders,#N/A,,zombies;,spider,,58,11,47
spielberg,#N/A,,,spielberg,,279,55,224
splatter,#N/A,,gore;gory;zombie;slasher;,splatter,,196,38,158
spock,#N/A,,,spock,,30,5,25
spoof,#N/A,,parody;satire;,spoof,,403,118,285
sports,#N/A,,,sport,,769,315,454
spy,1,spies;spying;,espionage;007;cia;bond;spoof;,spi,,833,85,748
stage magic,#N/A,,,stage mag,,83,13,70
stand-up comedy,#N/A,,,stand-up comedi,,818,99,719
star trek,#N/A,,,star trek,,6,2,4
star wars,#N/A,,,star war,,54,7,47
steampunk,#N/A,,cyberpunk;science;pulp;gothic;,steampunk,,499,75,424
stereotypes,#N/A,,,stereotyp,,149,93,56
stoner movie,#N/A,,,stoner movi,,20,21,-1
stop motion,1,stop-motion;,,stop mot,stop-motion;,326,44,282
story,#N/A,,plot;storytelling;drama;,stori,,617,375,242
storytelling,#N/A,,,storytel,,471,44,427
stranded,#N/A,,,strand,,322,23,299
strange,#N/A,,bizarre;weird;eerie;,strang,,197,67,130
strippers,#N/A,,women;,stripper,,152,68,84
studio ghibli,#N/A,,,studio gh,,12,0,12
stunning,#N/A,,,stun,,37,20,17
stupid,1,stupidity;,idiotic;dumb;lame;silly;corny;ridiculous;cheesy;unrealistic;,stupid,,970,640,330
stupid as hell,#N/A,,,stupid as hel,,3,4,-1
stupidity,1,stupid;,,stupid,,77,35,42
stylish,#N/A,,atmospheric;gritty;,stylish,,456,67,389
stylized,#N/A,,,styliz,,3706,619,3087
submarine,#N/A,,boat;,submarin,,274,54,220
suburbia,#N/A,,,suburbia,,181,52,129
suicide,#N/A,,assassination;murder;rape;,suicid,,912,180,732
suicide attempt,#N/A,,,suicide attempt,,194,62,132
superhero,1,superheroes;,superheroes;batman;marvel;slasher;,superhero,super hero;super-hero;,2864,316,2548
supernatural,#N/A,,psychological;,supernatur,,906,106,800
suprisingly clever,#N/A,,,suprisingly clev,,34,15,19
surfing,#N/A,,,surf,,113,27,86
surprise ending,#N/A,,,surprise end,,420,81,339
surreal,1,surrealism;,dreamlike;bizarre;hallucinatory;eerie;psychedelic;surrealism;,surreal,,5115,554,4561
surrealism,1,surreal;,surreal;,surreal,,767,85,682
surveillance,#N/A,,,surveil,,225,38,187
survival,#N/A,,courage;,surviv,,1202,122,1080
suspense,1,suspenseful;,suspenseful;tense;,suspens,,2582,259,2323
swashbuckler,#N/A,,superhero;,swashbuckl,,136,48,88
swedish,#N/A,,german;french;finnish;,swedish,,96,23,73
sweet,#N/A,,cute;heartwarming;,sweet,,374,127,247
switching places,#N/A,,,switching plac,,88,29,59
sword fight,1,sword fighting;,,sword fight,,507,83,424
talking animals,#N/A,,,talking anim,,756,206,550
talky,#N/A,,,talki,,180,146,34
tarantino,#N/A,,,tarantino,,108,63,45
teacher,#N/A,,,teacher,,386,65,321
tear jerker,#N/A,,,tear jerk,,112,47,65
technology,#N/A,,computers;,technolog,,604,61,543
teen,1,teens;,teens;teenagers;teenager;,teen,teens;,684,234,450
teen movie,#N/A,,,teen movi,,417,33,384
teenager,1,teenagers;,teens;teenagers;teen;adolescence;,teenag,teenagers;,661,31,630
teleportation,#N/A,,,teleport,,99,16,83
television,#N/A,,,televis,,255,148,107
tense,#N/A,,suspenseful;intense;suspense;creepy;atmospheric;,tens,,1695,501,1194
terminal illness,#N/A,,,terminal il,,115,22,93
terrorism,#N/A,,politics;genocide;racism;,terror,,582,145,437
texas,#N/A,,california;,texa,,131,6,125
thought-provoking,#N/A,,,thought-provok,,3632,284,3348
thriller,#N/A,,drama;,thriller,,2665,691,1974
time,#N/A,,,time,,109,49,60
time loop,#N/A,,,time loop,,482,30,452
time travel,#N/A,,,time travel,,3345,411,2934
tokyo,#N/A,,japan;,tokyo,,75,12,63
tolkien,#N/A,,,tolkien,,101,11,90
tom clancy,#N/A,,,tom clanc,,14,7,7
too long,#N/A,,,too long,,654,340,314
too short,#N/A,,,too short,,38,44,-6
torture,#N/A,,,tortur,,707,124,583
touching,#N/A,,,touch,,1077,164,913
toys,#N/A,,,toy,,89,19,70
tragedy,#N/A,,disaster;catastrophe;,tragedi,,185,38,147
train,1,trains;,,train,trains;,299,45,254
transformation,#N/A,,evolution;,transform,,148,22,126
transgender,#N/A,,gay;,transgend,,207,30,177
travel,#N/A,,,travel,,247,36,211
treasure,#N/A,,,treasur,,433,36,397
treasure hunt,#N/A,,,treasure hunt,,294,34,260
tricky,#N/A,,clever;complex;,tricki,,29,9,20
trilogy,#N/A,,series;franchise;sequels;,trilog,,94,40,54
true story,#N/A,,,true stori,,2345,604,1741
truman capote,#N/A,,,truman capot,,2,0,2
twist,#N/A,,suspense;,twist,,283,82,201
twist ending,#N/A,,,twist end,,4666,589,4077
twists & turns,#N/A,,,twists & turn,,491,65,426
undercover cop,#N/A,,,undercover cop,,231,37,194
underdog,#N/A,,,underdog,,178,44,134
underrated,#N/A,,,underr,,148,114,34
understated,#N/A,,,underst,,279,155,124
underwater,#N/A,,ocean;submarine;shark;,underwat,,121,15,106
unfunny,#N/A,,idiotic;lame;pointless;,unfunni,,100,95,5
unintentionally funny,#N/A,,,unintentionally funni,,99,68,31
unique,#N/A,,,uniqu,,418,92,326
united nations,#N/A,,,united n,,19,3,16
unlikeable characters,#N/A,,,unlikeable charact,,189,92,97
unlikely friendships,#N/A,,,unlikely friendship,,149,18,131
unrealistic,#N/A,,ridiculous;absurd;,unrealist,,482,230,252
unusual plot structure,#N/A,,,unusual plot structur,,35,1,34
us history,#N/A,,,us histori,,,,
utopia,#N/A,,dystopia;,utopia,,86,30,56
vampire human love,#N/A,,,vampire human lov,,,,
vampires,1,vampire;,vampire;zombies;,vampir,vampire;,878,173,705
vengeance,#N/A,,revenge;vigilante;greed;,vengeanc,,173,34,139
very funny,#N/A,,,very funni,,92,93,-1
very good,#N/A,,,very good,,76,297,-221
very interesting,#N/A,,,very interest,,1,0,1
video game adaptation,#N/A,,,video game adapt,,232,72,160
video games,1,video game;,,video gam,video game;,278,33,245
vienna,#N/A,,paris;italy;rome;,vienna,,20,3,17
vietnam,#N/A,,wwii;,vietnam,,82,7,75
vietnam war,#N/A,,,vietnam war,,170,13,157
view askew,#N/A,,,view askew,,66,21,45
vigilante,1,vigilantism;,vigilantism;vengeance;revenge;,vigilant,,400,58,342
vigilantism,1,vigilante;,vigilante;,vigilant,,139,25,114
violence,#N/A,,brutality;gore;violent;nudity;,violenc,,3269,483,2786
violent,#N/A,,brutal;gory;violence;gruesome;bloody;,violent,,1751,319,1432
virginity,#N/A,,,virgin,,108,16,92
virtual reality,#N/A,,,virtual r,,663,57,606
virus,#N/A,,,viru,,280,34,246
visceral,#N/A,,intense;visual;emotional;,viscer,,295,212,83
visual,1,visuals;,visuals;special;,visual,visuals;,163,40,123
visually appealing,#N/A,,,visually app,,4159,307,3852
visually stunning,#N/A,,,visually stun,,913,98,815
voodoo,#N/A,,,voodoo,,67,7,60
voyeurism,#N/A,,manipulation;,voyeur,,198,30,168
war,#N/A,,wwii;,war,,1940,537,1403
war movie,#N/A,,,war movi,,80,48,32
wartime,#N/A,,wwii;nazi;war;,wartim,,67,35,32
waste of time,#N/A,,,waste of tim,,43,77,-34
watch the credits,#N/A,,,watch the credit,,210,129,81
weapons,#N/A,,,weapon,,75,14,61
wedding,#N/A,,,wed,,462,91,371
weed,#N/A,,marijuana;,weed,,78,23,55
weird,#N/A,,bizarre;strange;creepy;silly;goofy;,weird,,921,168,753
werewolf,#N/A,,werewolves;vampire;monster;,werewolf,,292,67,225
werewolves,#N/A,,werewolf;vampires;zombies;monsters;,werewolv,,261,67,194
western,#N/A,,noir;thriller;,western,,567,231,336
whimsical,#N/A,,quirky;humorous;surreal;,whimsic,,753,144,609
wilderness,#N/A,,jungle;desert;,wilder,,319,33,286
wine,#N/A,,,wine,,72,7,65
wistful,#N/A,,melancholy;bittersweet;melancholic;poignant;nostalgic;,wist,,92,53,39
witch,1,witches;,,witch,,423,73,350
witty,#N/A,,clever;quotable;intelligent;,witti,,1354,274,1080
wizards,#N/A,,,wizard,,198,23,175
women,#N/A,,teenagers;,women,,283,46,237
working class,#N/A,,,working class,,128,33,95
workplace,#N/A,,,workplac,,129,45,84
world politics,#N/A,,,world polit,,21,7,14
world war i,#N/A,,,world war i,world war ii;,76,0,76
world war ii,#N/A,,,world war ii,world war i;,399,5,394
writer's life,#N/A,,,writer's lif,,1,1,0
writers,#N/A,,,writer,,253,125,128
writing,#N/A,,,write,,154,70,84
wuxia,#N/A,,tolkien;anime;cyberpunk;,wuxia,,90,58,32
wwii,#N/A,,wartime;war;vietnam;,wwii,,62,34,28
zombies,1,zombie;,zombie;monsters;spiders;vampires;,zombi,zombie;,1403,282,1121